{"Before_Game_vs_During_Game_Price": 0.187002852956151, "Before_Game_vs_During_Game_Count": 0.0016743380867648263, "During_Game_vs_During_Challenge_Price": 0.8458739963925987, "During_Game_vs_During_Challenge_Count": 0.04807582906059319, "During_Challenge_vs_After_Challenge_Price": 0.17281379148338663, "During_Challenge_vs_After_Challenge_Count": 0.0047673872478160104, "Before_Game_vs_After_Game_Price": 0.4688211763497778, "Before_Game_vs_After_Game_Count": 0.004663813094503, "Before_Challenge_vs_After_Challenge_Price": 0.27174857825706944, "Before_Challenge_vs_After_Challenge_Count": 0.004274327512237912, "Before_Challenge_vs_During_Challenge_Count": 0.07845656448932975, "Before_Challenge_vs_During_Challenge_Price": 0.3600997658598877, "Before_Challenge_vs_After_Challenge_Floor": 0.5570942003556886, "Before_Challenge_vs_During_Challenge_Floor": 0.484330916084721}